Index,Graph Density,Graph Edge Count
0,0.000530420092713429,3445
1,0.0005300951498521079,3451
2,0.0005312248522888613,3434
3,0.0005305284204829889,3443
4,0.0005312248522888613,3434
5,0.0005305284204829889,3443
6,0.0005312248522888613,3434
7,0.0005305284204829889,3443
8,0.0005305284204829889,3443
9,0.0005305284204829889,3443
10,0.0005305284204829889,3443
11,0.0005305284204829889,3443
12,0.0005305284204829889,3443
13,0.0005312248522888613,3434
14,0.0005305284204829889,3443
15,0.0005305284204829889,3443
16,0.0005312248522888613,3434
17,0.0005305284204829889,3443
18,0.0005312248522888613,3434
19,0.0005312248522888613,3434
20,0.0005312248522888613,3434
21,0.0005312248522888613,3434
22,0.0005312248522888613,3434
23,0.0005305284204829889,3443
24,0.0005312248522888613,3434
25,0.0005312248522888613,3434
26,0.0005305284204829889,3443
27,0.0005312248522888613,3434
28,0.0005305284204829889,3443
29,0.0005305284204829889,3443
30,0.0005305284204829889,3443
31,0.0005312248522888613,3434
32,0.0005312248522888613,3434
33,0.0005312248522888613,3434
34,0.0005305284204829889,3443
35,0.0005312248522888613,3434
36,0.0005305284204829889,3443
37,0.0005312248522888613,3434
38,0.0005305284204829889,3443
39,0.0005312248522888613,3434
40,0.0005312248522888613,3434
41,0.0005312248522888613,3434
