Index,Graph Density,Graph Edge Count
0,0.0015755523161928371,2166
1,0.0012037124904519735,3095
